<?xml version="1.0" encoding="utf-8" ?>
		<hibernate-mapping xmlns="urn:nhibernate-mapping-2.2"
		                   assembly="SellYourTunningGen.Infraestructure"
		                   namespace="SellYourTunningGen.Infraestructure.EN.SellYourTunning">
		    
		    
			
				<class name="AnunciosNH" table="Anuncios"> 
				  	
						<id name="Id" column="idAnuncios" type="integer"> 
							<generator class="hilo"/>
						</id>
			
					
					<property name="IdVehiculo" type="integer"> 
						<column name="idVehiculo"  not-null="true"/>
					</property>
					<property name="Titulo" type="string"> 
						<column name="titulo"  not-null="true"/>
					</property>
					<property name="FechaPublicacion" type="date"> 
						<column name="fechaPublicacion"  not-null="true"/>
					</property>
					<property name="Estado" > 
						<column name="estado"  not-null="true"/>
					</property>
					<property name="PrecioVenta" type="double"> 
						<column name="precioVenta"  not-null="true"/>
					</property>
					<property name="Destacado" type="boolean"> 
						<column name="destacado"  not-null="true"/>
					</property>
			
			
		  			
						<bag name="Pertenece" >
							<key>
							
								
								<column name="FK_idAnuncios_idAnuncio"/>
					      	</key>
							<one-to-many class="SellYourTunningGen.Infraestructure.EN.SellYourTunning.MensajesNH"/>
					    </bag>
					
			
		  			
						<many-to-one name="Publica" class="SellYourTunningGen.Infraestructure.EN.SellYourTunning.UsuarioNH" >	
								<column name="FK_idUsuario2_idUsuario"/> 
						</many-to-one>
											 					
			
		  			
						<bag name="Pago" >
							<key>
							
								
								<column name="FK_idAnuncios_idAnuncio"/>
					      	</key>
							<one-to-many class="SellYourTunningGen.Infraestructure.EN.SellYourTunning.VentaNH"/>
					    </bag>
					
			
		  			
						<bag name="Vehiculo" table="[vehiculo_anuncio]" inverse="true" >
							<key>
								
									<column name="FK_idAnuncios_idAnuncio"/> 
							</key>
      						<many-to-many class="SellYourTunningGen.Infraestructure.EN.SellYourTunning.VehiculoNH">
									<column name="FK_idVehiculo2_idVehiculo"/> 
      						</many-to-many>
    					</bag>
			
		  			
						<many-to-one name="Vehiculo_0" class="SellYourTunningGen.Infraestructure.EN.SellYourTunning.VehiculoNH" >	
								<column name="FK_idVehiculo2_idVehiculo_0"/> 
						</many-to-one>
											 					
			
			
			
			
			
			
			
					
					
					
					
					
					
					
					
					
					
					
					
		
		 </class>	
		  
		  <query name="AnunciosNHReadAllHQL">from AnunciosNH</query>
		  <query name="AnunciosNHconsultarAnunciosDisponiblesHQL"><![CDATA[FROM AnunciosNH a WHERE a.Estado = 1]]></query>
		  <query name="AnunciosNHconsultarAnunciosPorPrecioHQL"><![CDATA[FROM AnunciosNH a WHERE a.PrecioVenta >= :p_min AND a.PrecioVenta <= :p_max]]></query>
		  <query name="AnunciosNHconsultarAnunciosDestacadosHQL"><![CDATA[FROM AnunciosNH a WHERE a.Destacado = true]]></query>
		</hibernate-mapping>
	