<?xml version="1.0" encoding="utf-8" ?>
		<hibernate-mapping xmlns="urn:nhibernate-mapping-2.2"
		                   assembly="SellYourTunningGen.Infraestructure"
		                   namespace="SellYourTunningGen.Infraestructure.EN.SellYourTunning">
		    
		    
			
				<class name="CategoriaNH" table="Categoria"> 
				  	
						<id name="Id" column="idCategoria2" type="integer"> 
							<generator class="hilo"/>
						</id>
			
					
					<property name="IdCategoria" type="integer"> 
						<column name="idCategoria"  not-null="true"/>
					</property>
					<property name="Nombre" type="string"> 
						<column name="nombre"  not-null="true"/>
					</property>
			
			
		  			
						<bag name="Contiene" table="[vehiculo_categoria]" inverse="true" >
							<key>
								
									<column name="FK_idCategoria2_idCategoria"/> 
							</key>
      						<many-to-many class="SellYourTunningGen.Infraestructure.EN.SellYourTunning.VehiculoNH">
									<column name="FK_idVehiculo2_idContiene"/> 
      						</many-to-many>
    					</bag>
			
			
			
					
					
					
					
		
		 </class>	
		  
		  <query name="CategoriaNHReadAllHQL">from CategoriaNH</query>
		</hibernate-mapping>
	