<?xml version="1.0" encoding="utf-8" ?>
		<hibernate-mapping xmlns="urn:nhibernate-mapping-2.2"
		                   assembly="SellYourTunningGen.Infraestructure"
		                   namespace="SellYourTunningGen.Infraestructure.EN.SellYourTunning">
		    
		    
			
				<class name="MensajesNH" table="Mensajes"> 
				  	
						<id name="Id" column="idMensajes" type="integer"> 
							<generator class="hilo"/>
						</id>
			
					
					<property name="IdMensaje" type="integer"> 
						<column name="idMensaje"  not-null="true"/>
					</property>
					<property name="Contenido" type="string"> 
						<column name="contenido"  not-null="true"/>
					</property>
					<property name="FechaEnvio" type="string"> 
						<column name="fechaEnvio"  not-null="true"/>
					</property>
			
			
		  			
						<many-to-one name="Emisor" class="SellYourTunningGen.Infraestructure.EN.SellYourTunning.UsuarioNH" >	
								<column name="FK_idUsuario2_idUsuario"/> 
						</many-to-one>
											 					
			
		  			
						<many-to-one name="Receptor" class="SellYourTunningGen.Infraestructure.EN.SellYourTunning.UsuarioNH" >	
								<column name="FK_idUsuario2_idUsuario_0"/> 
						</many-to-one>
											 					
			
		  			
						<many-to-one name="Contiene" class="SellYourTunningGen.Infraestructure.EN.SellYourTunning.AnunciosNH" >	
								<column name="FK_idAnuncios_idAnuncio"/> 
						</many-to-one>
											 					
			
			
			
			
					
					
					
					
					
					
					
		
		 </class>	
		  
		  <query name="MensajesNHReadAllHQL">from MensajesNH</query>
		</hibernate-mapping>
	