<?xml version="1.0" encoding="utf-8" ?>
		<hibernate-mapping xmlns="urn:nhibernate-mapping-2.2"
		                   assembly="SellYourTunningGen.Infraestructure"
		                   namespace="SellYourTunningGen.Infraestructure.EN.SellYourTunning">
		    
		    
			
				<class name="PagoNH" table="Pago"> 
				  	
						<id name="Id" column="attribute" type="integer"> 
							<generator class="hilo"/>
						</id>
			
					
					<property name="Importe" type="double"> 
						<column name="importe"  not-null="true"/>
					</property>
					<property name="Metodo" type="string"> 
						<column name="metodo"  not-null="true"/>
					</property>
					<property name="Estado" > 
						<column name="estado"  not-null="true"/>
					</property>
					<property name="IdAnuncio" type="integer"> 
						<column name="idAnuncio"  not-null="true"/>
					</property>
			
			
			
			
			
			
		  			
						<bag name="Pagar" >
							<key>
							
								
								<column name="FK_attribute_idVenta"/>
					      	</key>
							<one-to-many class="SellYourTunningGen.Infraestructure.EN.SellYourTunning.VentaNH"/>
					    </bag>
					
			
		  			
						<bag name="Usuario" >
							<key>
							
								
								<column name="FK_attribute_idPago_0"/>
					      	</key>
							<one-to-many class="SellYourTunningGen.Infraestructure.EN.SellYourTunning.UsuarioNH"/>
					    </bag>
					
			
					
					
					
					
					
					
					
		
		 </class>	
		  
		  <query name="PagoNHReadAllHQL">from PagoNH</query>
		</hibernate-mapping>
	