<?xml version="1.0" encoding="utf-8" ?>
		<hibernate-mapping xmlns="urn:nhibernate-mapping-2.2"
		                   assembly="SellYourTunningGen.Infraestructure"
		                   namespace="SellYourTunningGen.Infraestructure.EN.SellYourTunning">
		    
		    
			
				<class name="UsuarioNH" table="Usuario"> 
				  	
						<id name="Id" column="idUsuario2" type="integer"> 
							<generator class="hilo"/>
						</id>
			
					
					<property name="IdUsuario" type="integer"> 
						<column name="idUsuario"  not-null="true"/>
					</property>
					<property name="Nombre" type="string"> 
						<column name="nombre"  not-null="true"/>
					</property>
					<property name="Email" type="string"> 
						<column name="email"  not-null="true"/>
					</property>
					<property name="Password" type="string"> 
						<column name="password"  not-null="true"/>
					</property>
					<property name="Telefono" type="string"> 
						<column name="telefono" />
					</property>
			
			
		  			
						<bag name="Mensajes_enviados" >
							<key>
							
								
								<column name="FK_idUsuario2_idUsuario"/>
					      	</key>
							<one-to-many class="SellYourTunningGen.Infraestructure.EN.SellYourTunning.MensajesNH"/>
					    </bag>
					
			
		  			
						<bag name="Mensajes_recibido" >
							<key>
							
								
								<column name="FK_idUsuario2_idUsuario_0"/>
					      	</key>
							<one-to-many class="SellYourTunningGen.Infraestructure.EN.SellYourTunning.MensajesNH"/>
					    </bag>
					
			
		  			
						<bag name="Pertenece" >
							<key>
							
								
								<column name="FK_idUsuario2_idUsuario"/>
					      	</key>
							<one-to-many class="SellYourTunningGen.Infraestructure.EN.SellYourTunning.AnunciosNH"/>
					    </bag>
					
			
		  			
						<bag name="Pago" >
							<key>
							
								
								<column name="FK_idUsuario2_idUsuario"/>
					      	</key>
							<one-to-many class="SellYourTunningGen.Infraestructure.EN.SellYourTunning.VentaNH"/>
					    </bag>
					
			
			
			
			
			
			
			
		  			
						<many-to-one name="Pago_0" class="SellYourTunningGen.Infraestructure.EN.SellYourTunning.PagoNH" >	
								<column name="FK_attribute_idPago_0"/> 
						</many-to-one>
											 					
					
					
					
					
					
					
					
					
					
					
					
		
		 </class>	
		  
		  <query name="UsuarioNHReadAllHQL">from UsuarioNH</query>
		</hibernate-mapping>
	