<?xml version="1.0" encoding="utf-8" ?>
		<hibernate-mapping xmlns="urn:nhibernate-mapping-2.2"
		                   assembly="SellYourTunningGen.Infraestructure"
		                   namespace="SellYourTunningGen.Infraestructure.EN.SellYourTunning">
		    
		    
			
				<class name="VehiculoNH" table="Vehiculo"> 
				  	
						<id name="Id" column="idVehiculo2" type="integer"> 
							<generator class="hilo"/>
						</id>
			
					
					<property name="IdVehiculo" type="integer"> 
						<column name="idVehiculo"  not-null="true"/>
					</property>
					<property name="Marca" type="string"> 
						<column name="marca"  not-null="true"/>
					</property>
					<property name="Attribute" type="string"> 
						<column name="attribute"  not-null="true"/>
					</property>
					<property name="Modelo" type="string"> 
						<column name="modelo"  not-null="true"/>
					</property>
					<property name="Anyo" type="integer"> 
						<column name="anyo"  not-null="true"/>
					</property>
					<property name="Kilometros" type="integer"> 
						<column name="kilometros"  not-null="true"/>
					</property>
					<property name="Descripcion" type="string"> 
						<column name="descripcion"  not-null="true"/>
					</property>
					<property name="PrecioBase" type="double"> 
						<column name="precioBase"  not-null="true"/>
					</property>
			
			
		  			
						<bag name="Categoria" table="[vehiculo_categoria]"  >
							<key>
								
									<column name="FK_idVehiculo2_idContiene"/> 
							</key>
      						<many-to-many class="SellYourTunningGen.Infraestructure.EN.SellYourTunning.CategoriaNH">
									<column name="FK_idCategoria2_idCategoria"/> 
      						</many-to-many>
    					</bag>
			
		  			
						<bag name="Anuncio" table="[vehiculo_anuncio]"  >
							<key>
								
									<column name="FK_idVehiculo2_idVehiculo"/> 
							</key>
      						<many-to-many class="SellYourTunningGen.Infraestructure.EN.SellYourTunning.AnunciosNH">
									<column name="FK_idAnuncios_idAnuncio"/> 
      						</many-to-many>
    					</bag>
			
		  			
						<bag name="Anuncio_0" >
							<key>
							
								
								<column name="FK_idVehiculo2_idVehiculo_0"/>
					      	</key>
							<one-to-many class="SellYourTunningGen.Infraestructure.EN.SellYourTunning.AnunciosNH"/>
					    </bag>
					
			
			
			
			
			
			
			
			
			
					
					
					
					
					
					
					
					
					
					
					
					
		
		 </class>	
		  
		  <query name="VehiculoNHReadAllHQL">from VehiculoNH</query>
		  <query name="VehiculoNHfiltrarAnyoHQL"><![CDATA[FROM VehiculoNH v WHERE v.Anyo = :p_anyo]]></query>
		</hibernate-mapping>
	