<?xml version="1.0" encoding="utf-8" ?>
		<hibernate-mapping xmlns="urn:nhibernate-mapping-2.2"
		                   assembly="SellYourTunningGen.Infraestructure"
		                   namespace="SellYourTunningGen.Infraestructure.EN.SellYourTunning">
		    
		    
			
				<class name="VentaNH" table="Venta"> 
				  	
						<id name="Id" column="idPago2" type="integer"> 
							<generator class="hilo"/>
						</id>
			
					
					<property name="FechaVenta" type="date"> 
						<column name="fechaVenta"  not-null="true"/>
					</property>
					<property name="Cantidad" type="double"> 
						<column name="cantidad"  not-null="true"/>
					</property>
					<property name="TipoVenta" type="string"> 
						<column name="tipoVenta"  not-null="true"/>
					</property>
					<property name="IdAnuncio" type="integer"> 
						<column name="idAnuncio"  not-null="true"/>
					</property>
			
			
		  			
						<many-to-one name="Usuario" class="SellYourTunningGen.Infraestructure.EN.SellYourTunning.UsuarioNH" >	
								<column name="FK_idUsuario2_idUsuario"/> 
						</many-to-one>
											 					
			
		  			
						<many-to-one name="Anuncio" class="SellYourTunningGen.Infraestructure.EN.SellYourTunning.AnunciosNH" >	
								<column name="FK_idAnuncios_idAnuncio"/> 
						</many-to-one>
											 					
			
			
			
			
			
		  			
						<many-to-one name="Venta" class="SellYourTunningGen.Infraestructure.EN.SellYourTunning.PagoNH" >	
								<column name="FK_attribute_idVenta"/> 
						</many-to-one>
											 					
			
					
					
					
					
					
					
					
					
		
		 </class>	
		  
		  <query name="VentaNHReadAllHQL">from VentaNH</query>
		</hibernate-mapping>
	