<?xml version="1.0" encoding="utf-8" standalone="no"?>
<hibernate-configuration xmlns="urn:nhibernate-configuration-2.2">
			  <session-factory>
				  <property name="connection.provider">NHibernate.Connection.DriverConnectionProvider</property>
			    <property name="dialect">NHibernate.Dialect.MsSql2005Dialect</property>
				  <property name="connection.driver_class">NHibernate.Driver.SqlClientDriver</property>
			    <property name="connection.connection_string">
					  Server=(local);Database=SellYourTunningGenNHibernate;User Id=nhibernateUser;Password=nhibernatePass; 
				</property>
				  <property name="adonet.batch_size">
					  100
				  </property>
			    <property name="show_sql">true</property>
			  </session-factory>
			</hibernate-configuration>
